name,layer,dmpl_category,address,city,state,zip,phone,toolkit_resources,web_link
"AARP Free Tax-Aide Prep","Virtual / Regional (No Address)","Financial Assistance","","","","","1.866.554.5378","AARP Foundation Tax-Aide volunteers provide free tax assistance with several preparation options. Access to the different types of taxpayer service type varies in each locality. Search for locations near you using the tax-aide locator on their website.","https://www.aarp.org/money/taxes/aarp-taxaide/locations/"
"Aging Resources of Central Iowa","Physical Location","General Assistance","5835 Grand Avenue, Suite #106","Des Moines","IA","50312","515.255.1310","Provides guidance about and lists of assisted living and memory care facilities, nursing and skilled care facilities, in home providers, and more.","https://www.agingresources.com/resources/"
"Al Exito!","Virtual / Regional (No Address)","Education","","","","","515.344.3228","Provides Iowa Latinx middle and high school students with after-school programs to develop leadership skills along with college and career readiness.","https://www.alexitoiowa.org/"
"Al-Anon","Physical Location","Substance Abuse","939 Office Park Rd. Suite 113","West Des Moines","IA","50265","515.277.5059","The Al-Anon Family Groups are a fellowship of relatives and friends of alcoholics who share their experience, strength, and hope in order to solve their common problems. We believe alcoholism is a family illness, and that changed attitudes can aid recovery.","https://iowa-al-anon.org/"
"Alcoholics Anonymous","Physical Location","Substance Abuse","1620 Pleasant Street, Suite 228","Des Moines","IA","50314","515.282.8550","A fellowship of men and women who share their experience, strength and hope with each other that they may solve their common problem and help others to recover from alcoholism. Hours: Monday, Wednesday, Friday: 9 AM-4 PM; Tuesday, Thursday: 12 PM-7 PM. 24/7 Hotline: 1.800.207.2172.","https://aadesmoines.org/"
"Amanda the Panda Support Groups","Physical Location","Grief","1821 Grand Ave.","West Des Moines","IA","50265","515.223.4847","Provides support groups for both adults and children who are grieving the death of a loved one at no charge.","https://everystep.org/grief-loss/amanda-the-panda"
"American Foundation for Suicide Prevention","Virtual / Regional (No Address)","Hotlines","","","","","Call or Text 988","The American Foundation for Suicide Prevention has many resources for survivors; go to their website and search by zip code. Immediate 24/7 assistance available by calling or texting 988.","https://afsp.org/"
"American Red Cross","Physical Location","General Assistance","2116 Grand Ave.","Des Moines","IA","50312","1.515.243.7681, 1.800.733.2767","Provides disaster relief and recovery, post-emergency recovery, financial assistance, deployment support, veteran services, and community resource referrals. 24/7 Hotline: 1 (800) 733-2767.","https://www.redcross.org/"
"Anawim Housing","Physical Location","Shelters","2024 Forest Ave Suite 101","Des Moines","IA","50311","515.244.8308","Provides subsidized rentals for eligible low- and moderate-income families and individuals as well as seniors in need of assisted living.","https://www.anawimhousing.org"
"ArtForce Iowa","Virtual / Regional (No Address)","Education","","","","","515.777.3182","Artist Mentors spend quality time with struggling youth to encourage creative self-expression, work skills development, and advocacy in a safe supportive community.","http://www.artforceiowa.org/"
"ASK Family Resource Center","Physical Location","Disabilities","6165 NW 86th St. Ste. 234","Johnston","IA","50131","515.243.1713, 1.800.450.8667","ASK (Access for Special Kids) Resource Center is a parent training, information, and advocacy center for families of children with special needs across the state of Iowa.","https://www.askresource.org/"
"Autism Resources at U.S. Airports (travelingwiki.com)","Virtual / Regional (No Address)","Disabilities","","","","","","Lists which airports have autism-friendly quiet rooms, along with other traveling resources for people with autism.","https://travelingwiki.com/"
"Bethel Mission","Physical Location","Shelters","1310 6th Avenue","Des Moines","IA","50314","515.244.5445","Meals and Men's Shelter: Shelter for men; also serves three meals a day to all community members. Meal Hours: Mon-Sat Breakfast 7AM, Lunch 12PM, Dinner 5PM; Sun Breakfast 8AM, Lunch 1:30PM, Dinner 5PM. Part of Hope Ministries.","https://www.hopeiowa.org/"
"Bidwell Pantry","Physical Location","Food Pantries","1203 Hartford Avenue","Des Moines","IA","50315","515.989.8413","Food and clothing items available for free (ID preferred, but not required). Limited amount of food available without ID. Hours: Monday-Friday 10 AM-5 PM. Part of Families Forward.","https://www.familiesforward.org/bidwell-pantry."
"Big Brothers Big Sisters of Central Iowa","Physical Location","Education","2130 Grand Ave","Des Moines","IA","50312","515.288.9025","Creates and supports mentoring relationships that ignite the power and promise of youth at no cost. Intentional matching process evaluates personality and interests.",""
"Book Buddy","Virtual / Regional (No Address)","Education","","","","","","Helps children build pre-reading skills before kindergarten. Volunteers read one-on-one with four-year-olds at early childhood centers for 40 mins/week. Sign up via bookbuddy@unitedwaydm.org.","https://www.unitedwaydm.org/book-buddy."
"Boys & Girls Clubs of Central Iowa","Physical Location","Community Centers","1421 Walker St.","Des Moines","IA","50316","515.242.7925","Eight local sites where K-12 students find a safe, supportive place after school and during the summer with structured programming and professional role models.",""
"Brain Injury Association of Iowa","Virtual / Regional (No Address)","Disabilities","","","","","1.855.444.6443","Provides resource connection, technical navigation, and organized support groups for individuals surviving brain injuries and their families.","https://biaia.org/"
"Bridges of Iowa","Physical Location","Substance Abuse","Polk County Jail System / Admissions","Des Moines","IA","","515.494.8515","Full range of substance abuse treatment services targeted toward those with limited access to options. Program lasts up to a year and includes treatment, transitional living, and outpatient care. Admissions: dcoughlin@bridgesofia.org.",""
"Broadlawns Medical Center & Crisis Services","Physical Location","Medical Assistance","1801 Hickman Road","Des Moines","IA","50314","515.282.2200, 515.283.4811","Offers a complete safety-net medical center (medical, dental, eye, emergency, pharmacy, mental health). Includes Mental Health Emergency Crisis Team (515.283.4811), Crisis Observation Center (515.282.5742), and New Connections Addiction Treatment (515.282.6610).","https://www.broadlawns.org"
"By Degrees Foundation","Virtual / Regional (No Address)","Education","","","","","515.650.8230","Partners directly inside Findley and King Elementary and Harding Middle School to increase graduation and postsecondary readiness rates by engaging localized community partnerships.","https://www.bydegreesfoundation.org/"
"Capitol Hill Lutheran Church Clothes Closet","Physical Location","Clothing","511 Des Moines Street","Des Moines","IA","50309","515.513.4222","Clothes Closet distributes a variety of daily clothing items and essential household goods completely free of charge. Hours: Tuesday 1:30 PM-3:30 PM, Saturday 9:30 AM-11:30 AM.",""
"Caring Hands Altoona Food Pantry","Physical Location","Food Pantries","602 3rd St SW","Altoona","IA","50009","515.967.4533","Serves Southeast Polk, Colfax-Mingo, and Bondurant School Districts, plus all of Pleasant Hill. Provides low-income families with food, clothing, and financial assistance. Hours: M/W/Th/F 11AM-3:30PM; Tue 11AM-4:30PM (appointments only).",""
"Catholic Charities Counseling Program","Physical Location","Mental Health","601 Grand Avenue, 2nd Floor","Des Moines","IA","50309","515.244.3761, 515.237.5053","Licensed clinical therapists address depression, anxiety, stress, relationship issues, child behavioral concerns, trauma, abuse, grief, and loss. Specializes in couples and family clinical systems.","https://www.catholiccharitiesdm.org/our-services/counseling/"
"Catholic Charities Food Pantry (DMARC)","Physical Location","Food Pantries","1815 Hubbell Avenue","Des Moines","IA","50316","515.262.7290","Provides individuals and families up to three days worth of food for free. Also provides personal hygiene items, diapers, wipes, formula, and pet food. Hours: Mon-Thu 10 AM-3:30 PM, Fri 9:30 AM-12:30 PM.","http://dmarcunited.org"
"Center for Behavioral Health","Physical Location","Substance Abuse","95 University Ave. Suite 8","Des Moines","IA","50314","844.535.7291","Substance abuse services, specifically offering methadone treatment options.","https://www.bhgrecovery.com/locations/des-moines"
"Central Community Center","Physical Location","Community Centers","2008 Forest Avenue","Des Moines","IA","50314","515.286.3677","Crafts, games, exercise, health clinics, and other activities for seniors and other adults. Meals served on selected days (Serving Time: 11 AM-12:30 PM). Hours: Mon-Fri 8 AM-4:30 PM.","https://www.polkcountyiowa.gov/community-family-youth-services/senior-services/"
"Central Iowa Shelter & Services","Physical Location","Shelters","1420 Mulberry Street","Des Moines","IA","50309","515.284.5719","Provides low-barrier shelter, meals, and support services at no cost to adults experiencing homelessness. Call to confirm hours for food pantry, meals, clothing closet, health care, and showers.","https://centraliowashelter.org/"
"Central Iowa Works","Physical Location","Job Assistance","200 Army Post Road","Des Moines","IA","50315","515.281.9619","Helps with job placement, transportation logistics, health care access, and legal support system navigation.","https://workforce.iowa.gov/"
"Central Library","Physical Location","Branch Locations","1000 Grand Avenue","Des Moines","IA","50309","(515) 283-4152","In-Person Services: Mon-Thu 9 AM-8 PM, Fri 9 AM-6 PM, Sat 10 AM-5 PM, Sun 12 PM-4 PM. Pickup Window: Mon-Fri 12 PM-6 PM.","https://www.dmpl.org/locations-hours/central"
"Change Course","Virtual / Regional (No Address)","Job Assistance","","","","","515.779.6108","Employment training, personal development, skill development, and one-on-one coaching sessions for individuals striving for career-track and high-wage jobs.","https://change-course.org/"
"Chic Behavioral Health and Community Services","Virtual / Regional (No Address)","Mental Health","","","","","319.504.3186","Provides programs for youth and families to navigate trauma. Includes group therapy for youth/teens, support groups for teen mothers, career exploration, financial literacy, and behavioral support.","https://chiccommunityservices.org/"
"Child and Dependent Adult Abuse Hotline","Virtual / Regional (No Address)","Hotlines","","","","","1.800.362.2178","24/7 hotline to report suspected abuse or neglect of a child under 18. Reports can be made anonymously. Be ready to provide identifying information and current location.","http://dhs.iowa.gov"
"Child Care Resource & Referral","Physical Location","Child Care","808 5th Avenue","Des Moines","IA","50309","515.246.3590","Provides personalized services and regional consultation to help parents make informed choices about the care of their children.","https://iowaccrr.org/"
"Children & Families of Iowa","Physical Location","General Assistance","1111 University Avenue","Des Moines","IA","50314","515.288.1981, 515.243.6147","Affordable quality child care for low-income families (including before/after school and summer care with transport). Offers Domestic Violence Services Shelter (515.243.6147) and sliding-scale licensed counseling for grief/loss and life events.","https://cfiowa.org/"
"Children & Family Urban Movement (CFUM)","Physical Location","Education","1548 8th Street","Des Moines","IA","50314","515.282.3242","Supports educational success for children and families near the north side of Des Moines via before-school, after-school, and summer programs. Hours: Mon-Fri 9 AM-5 PM. Meal Times: Mon-Fri 6:30 AM-7:40 AM and 4 PM-5 PM.","https://cfum.org"
"Children and Families of Iowa Northside Service Center","Physical Location","Substance Abuse","2331 East 8th St.","Des Moines","IA","50316","515.266.6338","Offers substance abuse evaluation and treatment services for children, adolescents, and adults. Hours: Mon/Wed 9 AM-5 PM, Tue/Thu 9 AM-6 PM, Fri 9 AM-2 PM.","https://cfiowa.org/locations/northside/"
"Childserve","Physical Location","Disabilities","644 24th Street","Des Moines","IA","50312","515.727.8750","Partners with families to help children with special healthcare needs live a great life through specialized clinical, home, and community-based programs and services.","https://www.childserve.org/"
"Choices Therapy Services","Physical Location","Substance Abuse","5609 Douglas Ave.","Des Moines","IA","50310","515.279.0111","Offers substance abuse evaluations and outpatient treatment programs, as well as DOT reporting.","https://www.choicestherapyservices.org/"
"Christ the King Free Clinic","Physical Location","Medical Assistance","5711 SW 9th Street","Des Moines","IA","50315","515.285.2888","Services provided include chronic care management, well baby checks, school/athletic physicals, and available lab work. Hours: Monday 7 PM-9 PM (Registration starts at 6:30 PM).",""
"Citizenshipworks","Virtual / Regional (No Address)","Immigrants & Refugees","","","","","","A national online service that safely guides users step-by-step through the citizenship application process. Provides free, live, online legal help. Resources available 24/7.","https://www.citizenshipworks.org/en"
"Clearview Recovery","Physical Location","Substance Abuse","501 N. Sherman St.","Prairie City","IA","50228","515.994.3562","Inpatient and residential addiction recovery services specialized for women, pregnant individuals, and women with children.","https://www.clearviewrecoveryinc.org/"
"Client Assistance Program (CAP)","Physical Location","Disabilities","321 E 12th Street","Des Moines","IA","50319","1.800.652.4298","Advocates for people with disabilities to receive quality services. Helps individuals identify resources, understand formal procedures, resolve problems, and protect rights in the rehabilitation process, employment, and independent living services.","https://hhs.iowa.gov/programs/programs-and-services/client-assistance-program"
"Clive Community Services","Physical Location","General Assistance","2190 NW 82nd Street, Suite A","Clive","IA","50325","515.257.8550","Free Clinic: Basic healthcare via volunteer professionals Mon 5:30 PM-7:30 PM (Registration 5 PM-6:30 PM). Food Pantry & Clothing Closet: Mon 4 PM-7 PM, Fri 9 AM-12 PM. Adult English Classes: Mon & Wed 1 PM-2:30 PM at Harbach Center (8505 Harbach Blvd).",""
"Commerce Community Church Food Bank","Physical Location","Food Pantries","4007 High Road","West Des Moines","IA","50265","515.225.6651","Food Bank distribution services. Operational Hours: Thursdays 10 AM-2 PM.","http://smbcs.org/"
"Commodity Supplemental Foods Program","Physical Location","Food Pantries","2309 Euclid Ave.","Des Moines","IA","50310","515.286.3655","Provides supplemental food commodities and intentional nutrition education tailored for the elderly ages 60 and older.","https://www.polkcountyiowa.gov/community-family-youth-services/senior-services/"
"Community and Family Resources","Physical Location","Substance Abuse","3806 Easton Boulevard","Des Moines","IA","50317","515.262.0349, 800.801.0085","Provides structural residential substance use treatment programs.","https://www.cfrhelps.org/"
"Community Support Advocates","Physical Location","Mental Health","1516 Valley West Drive","West Des Moines","IA","50266","515.883.1776","Connects individuals with broader mental health and disability service systems, and hosts a dedicated regional behavioral health clinic.",""
"Community Youth Concepts","Physical Location","Education","1446 Martin Luther King Jr Pkwy","Des Moines","IA","50314","515.243.4292","Provides youth programming focused on empowering students with essential life skills, leadership, teamwork, and confidence. Features an on-site community fridge located in the white shed.","https://www.cyconcepts.org/"
"Compassionate Friends","Physical Location","Grief","Hamilton's Children's Butterfly Garden Reception Room, 3601 Westown Parkway","West Des Moines","IA","50266","515.635.1678","Self-help organization for bereaved families after the death of a child. Meets the first Tuesday of each month at 7:00 PM. Offers a lending library, newsletter, and sibling/grandparent support.","https://www.compassionatefriends.org/chapter/central-iowa-chapter/"
"Conner Corinthian Family Health Free Clinic","Physical Location","Medical Assistance","814 School St.","Des Moines","IA","50309","515.630.0238","Free health clinic operating every Saturday from 9 AM–11:30 AM. Patients are seen on a first-come, first-served basis.","https://www.facebook.com/CorinthianBCdsm/posts/the-conner-corinthian-family-hea..."
"Coping After a Suicide Support Group","Physical Location","Grief","2309 Euclid Avenue","Des Moines","IA","50310","515.286.3434","Offers a safe, confidential support group open to anyone (older teens and adults) surviving the loss of a loved one through suicide. Hosted by Polk County Crisis and Advocacy Services.","https://www.polkcountyiowa.gov/community-family-youth-services/community-and-fa..."
"Covert Action Treatment Facility","Physical Location","Substance Abuse","1223 Center St, Suite 22","Des Moines","IA","50309","515.218.6125","Provides methadone and suboxone substance use treatment services.","https://mycovertaction.com/"
"Creative Visions","Physical Location","General Assistance","1343 13th Street","Des Moines","IA","50314","515.244.4003","Umbrella programs include job readiness, GED tutorials, computer classes, financial assistance, crime victims assistance, a food pantry, and meal programs. Food Pantry: Tue/Thu. Meal Times: Mon–Thu 1:30 PM–7:30 PM.","http://cvonline.us/"
"Crime Victim Assistance","Physical Location","General Assistance","1305 E. Walnut St.","Des Moines","IA","50319","1.800.373.5044, 515.281.5044","Helps victims with certain out-of-pocket expenses related to injuries from violent crime. Funded entirely by offender fines and penalties, not by taxpayers.","https://www.iowaattorney.general.gov/for-crime-victims"
"Cross Outreach","Virtual / Regional (No Address)","Financial Assistance","","","","","515.279.9998","Financial Assistance Helpline: Can assist with rent, deposits, utility bills, laundromat vouchers, gift cards for emergency hygiene/food (households with children), and transitional storage costs. Hours: Mon–Fri 8:30 AM–4:30 PM. P.O. Box 12121.",""
"Dads With a Purpose","Physical Location","Temporary Housing","2913 SW Ridgeview Lane","Ankeny","IA","50023","515.672.0973","Faith-based sober living residential houses focused on transitional stability and being good fathers. Structured parenting classes are offered on-site.","https://www.dadswithapurposeia.com/home"
"DART Mobile Food Pantry","Physical Location","Food Pantries","620 Cherry St","Des Moines","IA","50309","515.283.8100","Mobile distribution sponsored by DMARC providing individuals and families up to three days' worth of food for free. Hours: Thursdays 4 PM–6 PM.",""
"DART Paratransit and Reduced Fare Programs","Physical Location","Disabilities","620 Cherry Street","Des Moines","IA","50309","515.283.8100","Paratransit provides specialized county service for seniors and individuals functionally unable to use standard bus routes. Reduced fare rates apply to elderly (65+), disabled individuals, Medicare card holders, veterans, students, and refugees. Hours: Mon–Sat 7 AM–5 PM.","https://www.ridedart.com/"
"Decoding Dyslexia Iowa","Virtual / Regional (No Address)","Education","","","","","","Aims to raise dyslexia awareness, empower families to support their children, and influence educators/policymakers on best identification and remediation practices. Contact via website form or email.","https://www.decodingdyslexiaiowa.org/"
"Des Moines Area Religious Council (DMARC) General","Physical Location","Food Pantries","100 Army Post Road","Des Moines","IA","50315","515-277-6969","Provides individuals and families up to three days' worth of food for free. Food Pantry Hours: Monday-Friday 9 AM-5 PM, 1st Saturday of the month 9 AM-1 PM.","http://dmarcunited.org/food"
"Des Moines Catholic Worker","Physical Location","General Assistance","1310 7th Street","Des Moines","IA","50314","515.214.1030","Provides free day-time shelter, meals, groceries, showers, toiletries, clothing, and phone use. Free groceries: Tuesday and Fridays at 3 PM. Canned goods and hygiene products available upon request. Hours: Tue/Thu/Fri 3 PM-6:30 PM; Sat 12 PM-2 PM; Sun 4:30 PM-7 PM.","https://www.facebook.com/people/The-Des-Moines-Catholic-Worker/100092212847355/#"
"Des Moines Narcotics Anonymous","Virtual / Regional (No Address)","Substance Abuse","","","","","515.784.0524","Des Moines group connecting people with the resources and tools they need to recover from opioid addiction. View website for upcoming meetings.","https://www.narcotics.com/na-meetings/iowa/des-moines/"
"Des Moines Pastoral Counseling Center","Physical Location","Mental Health","8553 Urbandale Ave","Urbandale","IA","50322","515.274.4006","Counseling providing understanding, hope, and healing for grief, anxiety, depression, stress, relationship, and parent-child issues. Take a mind, body, and spirit approach. Provides services through insurance or on a sliding-scale/ability-to-pay basis. Hours: Mon-Fri 8 AM-5 PM (evening hours available).","https://mindspiritcenter.org/"
"Des Moines Public Housing","Physical Location","Temporary Housing","2309 Euclid Avenue","Des Moines","IA","50310","515.323.8950","Provides subsidized rentals for eligible low- and moderate-income families and individuals. Part of the Municipal Housing Agency. Hours: Monday-Friday 8 AM-5 PM.","https://www.dsm.city/departments/housing/index.php"
"Des Moines Public Schools Bilingual Family Liaisons","Physical Location","Immigrants & Refugees","1000 Porter Avenue","Des Moines","IA","50315","515.242.7911","Provides a wide range of services to refugee and immigrant families. Connects families with community resources such as housing, healthcare, and essential needs and equips families with tools to advocate for their children.","https://www.dmschools.org/community-schools/bilingual-family-liaisons/"
"Des Moines Vet Center","Physical Location","Veteran Resources","1821 22nd Street Suite 115","West Des Moines","IA","50266","515.284.4929","Provides a broad range of counseling, outreach, and referral services to combat Veterans and their families. All services are completely free of cost and strictly confidential. Hours: Mon 8 AM-7:30 PM; Tue/Thu 7:30 AM-7:30 PM; Wed/Fri 8 AM-4:30 PM.","https://www.va.gov/des-moines-vet-center/"
"DHS Child Care Assistance","Physical Location","Child Care","2309 Euclid Avenue","Des Moines","IA","50310","1.866.448.4605","Child Care Assistance (CCA) helps pay for the care of your child while a parent or caretaker works, attends school, looks for work, or is unable to care for children due to medical reasons. Hours: Monday-Friday 8 AM-4:30 PM.","https://hhs.iowa.gov/assistance-programs/child-care-assistance"
"Disability Rights Iowa","Physical Location","Legal Assistance","666 Walnut St.","Des Moines","IA","50309","515.278.2502","Defends and promotes the human and legal rights of Iowans who have disabilities and mental illness. Focuses on self-advocacy education, non-legal advocacy, and legal/systems advocacy. Intake Hours: Monday-Friday 8 AM-5 PM.","https://disabilityrightsiowa.org/"
"Discovery House of Iowa","Virtual / Regional (No Address)","Temporary Housing","","","","","","Christian-based sober living house for men in the Des Moines area. Applications are handled online.","https://discoveryhouseia.com/"
"DMACC Adult English Language Learner Classes","Virtual / Regional (No Address)","Education","","","","","515.697.7762","Free program to move learners from a beginner level to a solid intermediate level of English communication proficiency, including listening, speaking, reading, and writing. Fill out online form to enroll. Hours vary.","https://www.dmacc.edu/ell"
"DMACC Adult Literacy Center","Physical Location","Education","1100 7th St. Building 1, Room 110","Des Moines","IA","50314","515.248.7517","Free service for any adult in the community who needs to improve reading, writing, and/or speaking skills. Adults meet one-to-one with a volunteer tutor and/or learn with an online learning program. Located at DMACC Urban Campus.","https://dmacc.edu/desmoines/adult-literacy-center.html"
"Door of Faith","Physical Location","Substance Abuse","6701 SW 9th Street","Des Moines","IA","50315","515.287.7414","A structured recovery program for men. Operated as a part of Hope Ministries services.","https://www.hopeiowa.org"
"Dorothy's House","Virtual / Regional (No Address)","General Assistance","","","","","","A safe place for survivors of human trafficking and exploitation to discover their healing journeys through the practice of life. Customized programs provide complete support for all survivors, regardless of race or gender. Fill out an application on the website to apply.","https://dorothyshouse.org/"
"Drake Head Start","Virtual / Regional (No Address)","Child Care","","","","","515.271.1854","Offers free preschool and other localized social services and developmental programs for children from birth through age 4.","https://drakeheadstart.org/"
"Drake Law School Legal Clinic","Physical Location","Legal Assistance","2400 University Avenue","Des Moines","IA","50311","515.271.3851","The General Civil Practice Clinic has two intake days per year, accepting family law cases (custody, divorce, decree modifications). The Elder Law Clinic accepts clients year-round, and the Refugee Law Clinic accepts clients as resources permit. Submit inquiries via phone or email (law-clinic@drake.edu).","https://www.drake.edu/law/clinics-centers/clinic/"
"Dress for Success","Physical Location","Clothing","7025 Hickman Road, Suite 3","Urbandale","IA","50322","515.288.0130","Women obtain what they need for an interview and can return once they find employment for the apparel and accessories needed to enter the workforce. Hours: Mon/Wed/Thu 9:30 AM-3:30 PM, Tue 9:30 AM-7:30 PM.","https://desmoines.dressforsuccess.org/"
"Early ACCESS","Virtual / Regional (No Address)","Child Care","","","","","1.888.425.4371, 515.242.8213","Works with families to identify unique child and family developmental needs for children birth to age 3. Determines eligibility for early intervention services and discovers what works best for each child. To make a referral, call the listed lines.","https://educateiowa.gov/pk-12/early-childhood/early-access"
"East Community Center","Physical Location","Community Centers","1231 E. 26th Street","Des Moines","IA","50317","515.265.8461","Crafts, games, exercise, health clinics, and other activities for seniors and other adults. Meals served on selected days (Serving Time: 11 AM-12:30 PM). Check calendar for details. Hours: Monday-Friday 8 AM-4:30 PM.","https://www.polkcountyiowa.gov/community-family-youth-services/senior-services/..."
"East Side Library","Physical Location","Branch Locations","2559 Hubbell Avenue","Des Moines","IA","50317","(515) 283-4152","In-Person Services: Monday-Thursday 10:00 AM-8:00 PM, Friday 10:00 AM-6:00 PM, Saturday 10:00 AM-5:00 PM. Closed Sunday.","/locations-hours/east-side"
"Easterseals","Physical Location","Disabilities","401 NE 66th Avenue","Des Moines","IA","50313","515.289.1933","Provides a wide range of services to ensure that all people with disabilities or special needs and their families have equal opportunities to live, learn, work, and play in their communities. Hours: Monday-Friday 8 AM-5 PM.","https://www.easterseals.com/ia/"
"Eastside Church of the Nazarene Pantry","Physical Location","Food Pantries","1451 E. 25th St.","Des Moines","IA","50317","515.265.6000","Food pantry distribution. Hours: Tuesday and Thursday 9 AM-10:30 AM (appointments only, call to schedule).","https://www.dsmeastside.org/?subpages/food%20pantry.shtml"
"Eastview Community Center","Physical Location","Community Centers","4101 East 42nd Street","Des Moines","IA","50317","515.809.2356","Owned and operated by Valley Church, offering a number of activities including fitness classes, community events, and serving opportunities. Food Pantry Hours: Tue/Wed 2 PM-5 PM, Thu 10 AM-12 PM, Fri 10 AM-2 PM.","http://www.eastviewcc.com/"
"Eddie Davis Community Center","Physical Location","Community Centers","1312 Maple St","West Des Moines","IA","50265","515.277.1103","Provides several neighborhood support services, including community meals and an active food pantry. Hours: Monday-Friday 12 PM-4 PM.","https://www.eddiedaviscenter.org/"
"Ellipsis","Physical Location","Shelters","918 SE 11th St","Des Moines","IA","50309","515.243.3459, 515.282.9377","Youth shelter providing a safe, supportive environment for kids of all ages. Offers diverse therapeutic and counseling services for emotional, behavioral, or substance use needs, alongside Transitional and Independent Living programs for young adults. 24/7 Crisis Line: 515.243.3459.","https://ellipsisiowa.org/"
"Embarc Refugee Parent Navigator Project","Physical Location","Immigrants & Refugees","4801 Franklin Ave. Suite 101","Des Moines","IA","50310","515.512.5252","Provides immigrant and refugee parents with peer-to-peer child development and parenting education to build problem-solving skills and navigate Western parenting norms. Also facilitates direct access to preschool and kindergarten registration. Hours: Mon-Fri 9 AM-5 PM.","http://www.embarciowa.org/"
"Employee & Family Resources","Physical Location","Mental Health","505 Fifth Avenue, Suite 600","Des Moines","IA","50309","1.800.327.4692","Provides structural counseling services to youth, adults, and families, including substance use disorder assessments and juvenile/adult referrals. Features an Employee Assistance Program with a 24/7 crisis hotline (1.800.327.4692). Hours: Mon-Thu 8 AM-5 PM, Fri 8 AM-4:30 PM.","http://www.efr.org/"
"Epworth United Methodist Church","Physical Location","General Assistance","412 Euclid Ave.","Des Moines","IA","50313","515.243.3817","Features a trained community ministry team providing long-term supportive services and reentry navigation for individuals released from prison. Also serves hot community meals on-site. Meal Times: Tuesdays 5:30 PM-6:30 PM, Saturdays 11 AM-12:30 PM. Office Hours: M/Tu/W/F 8:30 AM-12 PM.","http://www.epworthumc-desmoines.org/"
"Evelyn K Davis Center","Physical Location","Job Assistance","1171 7th Street","Des Moines","IA","50314","515.697.7700","Comprehensive career center offering job searches, interview coaching, resume prep, work readiness training, and Adult Based Education classes. Features 'Men on the Move Clothing Closet' (Tue-Fri 11 AM-2 PM by appointment), providing a personal shopping experience for career attire. Center Hours: Mon-Fri 8 AM-4:30 PM.","https://www.dmacc.edu/ekdc/programs.html"
"Everybody Wins! Iowa","Physical Location","Education","901 Walnut Street, School #315","Des Moines","IA","50309","515.277.7590","Matches volunteer reading mentors one-to-one with elementary students for weekly one-hour shared reading and conversation sessions. Programs operate during breakfast, lunch, after-school, or evening dinner hours across local schools and organizations.","https://everybodywinsiowa.org/"
"EveryStep Care and Support Services","Physical Location","Education","3000 Easton Boulevard","Des Moines","IA","50317","515.288.1516, 515.274.3400","Hosts the 'Play and Learn Program,' offering child-directed, playful learning activities for families with children ages 0-8 (includes a free book and healthy snack at each session). Organization also delivers home health, hospice care, and extensive clinical grief/loss support systems.","https://www.everystep.org/about/events"
"Eyerly Ball Community Mental Health Center","Physical Location","Mental Health","1319 Pennsylvania Ave.","Des Moines","IA","50316","515.241.0982","Community mental health center providing comprehensive treatment for individuals experiencing depression, anxiety, substance use, and chronic mental illness conditions. Hours: Monday-Friday 8 AM-4:30 PM.","https://www.unitypoint.org/locations/unitypoint-health---eyerly-ball"
"Families Forward/New Directions Shelter","Physical Location","Shelters","3001 Grand Avenue","Des Moines","IA","50312","515.244.9748, 515.243.7456","Provides free, immediate temporary emergency shelter and supportive resources for families with children experiencing homelessness (New Directions Shelter), alongside transitional and supportive housing programs to help families establish financial independence.","https://www.familiesforward.org/"
"Family Enrichment Center","Physical Location","General Assistance","2309 Euclid Avenue","Des Moines","IA","50310","515.286.3406","Delivers integrated family support services, educational tracking, skill training, and immediate employment connections to assist households in establishing economic stability and self-sufficiency.","https://www.polkcountyiowa.gov/community-family-youth-services/community-and-fa..."
"Family Self Sufficiency Program","Physical Location","General Assistance","2309 Euclid Avenue","Des Moines","IA","50310","515.323.8983, 515.323.8969","Coordinates public housing assistance with regional private development resources to enable participating lower-income households to build lasting economic independence. Administered as part of the Des Moines Municipal Housing Agency.","https://www.dsm.city/departments/housing/family_self sufficiency.php"
"Food Bank of Iowa","Virtual / Regional (No Address)","Food Pantries","2220 E 17th St","Des Moines","IA","50316","515.564.0330","Acts as a central supply hub that safely provides food logistics and commodities directly to other frontline organizations and regional food pantries serving neighbors in need. Neighbors looking for local public distribution sites should utilize the 'Find Food' tool on their website.","https://www.foodbankiowa.org/"
"Forest Avenue Library","Physical Location","Branch Locations","1326 Forest Ave.","Des Moines","IA","50314","(515) 283-4152","In-Person Services: Monday-Thursday 10:00 AM-8:00 PM, Friday 10:00 AM-6:00 PM, Saturday 10:00 AM-5:00 PM. Closed Sunday.","/locations-hours/forest-avenue"
"Fourmile Community Center","Physical Location","Community Centers","3711 Easton Boulevard","Des Moines","IA","50317","515.265.9977","Features community programs for all age brackets, including an on-site weight and fitness room, a public computer lab, and Polk County congregate senior meal services. Center Hours: 9 AM-3 PM. Meal Serving Time: 11 AM-12:30 PM.","https://www.polkcountyiowa.gov/community-family-youth-services/senior-services/..."
"Franklin Avenue Library","Physical Location","Branch Locations","5000 Franklin Avenue","Des Moines","IA","50310","(515) 283-4152","In-Person Services: Monday-Thursday 9:00 AM-8:00 PM, Friday 9:00 AM-6:00 PM, Saturday 10:00 AM-5:00 PM, Sunday 12:00-4:00 PM. Drive-up Pickup Window Hours: Monday-Friday 10:00 AM-6:00 PM, Saturday 10:00 AM-5:00 PM. Drive-up Window Closed Sunday.","/locations-hours/franklin-avenue"
"Friendship Center","Physical Location","Community Centers","1526 Martin Luther King Jr Pkwy","Des Moines","IA","50311","515.244.1701","Faith-based center providing an on-site food pantry and a community clothes closet. Hosts 'The Washboard' mobile laundry program, providing direct laundry assistance and machine quarters (call or check Facebook to verify weekly mobile locations).","https://www.facebook.com/FriendshipCenterDSM/"
"Full Circle Recovery","Physical Location","Substance Abuse","4725 Merle Hay Road","Des Moines","IA","50322","515.783.6382","An independent, peer-led recovery community organization providing emotional, informational, and practical support structures for individuals and families impacted by substance use. Note: This is a peer-support network and not a clinical treatment provider.","https://recoverfullcircle.org/"
"Gambling Hotline","Virtual / Regional (No Address)","Hotlines","","","","","1.855.581.8111","Immediate, confidential support available 24/7 via phone, text, or web-based video chat for individuals navigating gambling challenges. Part of the Your Life Iowa service framework. Text Line: 855.895.8398.","https://yourlifeiowa.org/"
"Genesis Youth Foundation","Physical Location","Immigrants & Refugees","2500 University Ave.","Des Moines","IA","50311","515.219.7428","Delivers dedicated after-school programs for immigrant and refugee youths, offering targeted academic assistance across reading, writing, mathematics, science, language development, and the arts.","https://www.genesisyouthfoundation.org/"
"Give Grace, Give Hope","Virtual / Regional (No Address)","General Assistance","","Johnston","IA","50111","","Supplies essential menstrual products to individuals experiencing barriers to regular product access, focused on reducing stigma and promoting community hygiene. Address listed as regional city-level fulfillment only.","https://www.givegracegivehope.org/"
"Grace United Methodist Services","Physical Location","General Assistance","3700 Cottage Grove Avenue","Des Moines","IA","50311","515.255.2131","Hosts a 24/7 open-access outdoor Community Fridge in the parking lot adjacent to the west garage. Provides a free community meal every Tuesday from 5 PM-7 PM, and runs a free walk-in medical clinic every Tuesday (Registration: 5 PM-7 PM; Patient hours: 5:30 PM-7:30 PM).","https://www.gracedesmoines.org/service"
"Griefshare","Physical Location","Grief","206 SW Walnut Street","Ankeny","IA","50023","515.964.4249","Operates structured community grief support groups, including specialty sessions such as 'Death of a Spouse' and 'Surviving the Holidays'. Hosted at Ankeny United Methodist Church.","https://www.ankenyfirst.org/care"
"Grieving with UnityPoint","Physical Location","Grief","11333 Aurora Ave.","Urbandale","IA","50322","515.557.3126","Delivers comprehensive bereavement care, including individualized one-on-one grief counseling, telephonic support, therapeutic workshop series, memorial programming, and local resource coordination.","https://www.unitypoint.org/find-a-service/hospice-care/bereavement-support"
"Grimes Food Pantry","Physical Location","Food Pantries","112 NE Ewing St.","Grimes","IA","50111","515.986.4191","Local food pantry and clothing closet servicing residents of Grimes. Requirements: Photo ID and a current rent or utility bill are mandatory to verify residency. Hours: Tuesday & Thursday 9 AM-12 PM; 1st & 2nd Tuesday of each month 5:30 PM-7:30 PM.","https://grimesstorehouse.com/food-pantry/"
"Hansen House of Hospitality","Physical Location","Shelters","1521 6th Avenue","Des Moines","IA","50314","515.282.0549","Provides temporary shelter and reintegration support for 10 men transitioning from prison back into the community.",""
"Harbor of Hope Recovery House","Physical Location","Substance Abuse","3650 Cottage Grove Ave.","Des Moines","IA","50311","515.244.0370","Provides men coming from prison, jail, treatment, or other correctional programs with access and information to community resources while supplying safe, adequate transitional housing.","http://harborofhopeiowa.com"
"Harm Reduction Kits (Polk County Health Dept.)","Physical Location","General Assistance","1907 Carpenter Ave.","Des Moines","IA","50314","515-286-3798","Features a free vending machine with harm reduction supplies located at the Polk County Health Department. Also coordinates a 24/7 open-access lock box at River Place (2309 Euclid Ave, Des Moines, IA 50314; Lock Box Code: 185 036) containing free kits for cleaning needles and syringes, Sharps containers, and hygiene packs with soap, toothbrushes, and period products.","https://www.polkcountyiowa.gov/health-department/services-and-programs/harm-red..."
"Harvest Academy","Physical Location","Substance Abuse","8769 G24 Hwy","Indianola","IA","50125","515.901.8714","A comprehensive, minimum two-year residential life skills and community program designed to help individuals reshape attitudes, behaviors, and values. Apply via phone or online form.","https://harvestacademyiowa.com/"
"Hearing Impaired Tax Assistance","Virtual / Regional (No Address)","Legal Assistance","","","","","1.800.829.4059","Dedicated telephonic assistance from the IRS for deaf or hard of hearing individuals utilizing TTY/TDD equipment to ask tax questions or order free IRS forms and publications.","https://www.irs.gov/taxtopics/tc102"
"Heart and Solutions","Virtual / Regional (No Address)","Mental Health","","","","","800.531.4236","Offers behavioral health intervention services (BHIS) for children ages 4-18 and counseling/therapy services for all ages, including secure telehealth options. Services are completely free to children with Medicaid.","https://heartandsolutions.net/"
"Highland Park Christian Church","Physical Location","General Assistance","4260 NW 6th Drive","Des Moines","IA","50313","515.244.3182","Hosts a free weekly community meal every Thursday from 5 PM-6 PM with no cost and no agenda. Also operates a free clothing closet featuring an assortment of gently used items on Mondays and Fridays from 10 AM-12 PM, and the first Thursday of the month from 4 PM-6 PM.","http://www.hpchristiandsm.org/?pageid=11"
"Home Inc.","Physical Location","General Assistance","1618 6th Ave.","Des Moines","IA","50314","515.243.1277","Offers structured assistance programs for local homeowners who need to make necessary, essential property repairs to keep their living spaces safe and habitable.","https://www.homeincdsm.org/"
"Honest Journey Sober Living","Physical Location","Temporary Housing","3442 57th Street","Des Moines","IA","50310","515.219.4911","Transitional sober living housing and supportive environments tailored for men.","https://soberlivingiowa.com/"
"Hope Center for Women and Children/Life Recovery Programs","Physical Location","Shelters","3800 E. Douglas Ave.","Pleasant Hill","IA","50317","515.264.0144","Features the Hope Center for Women and Children, a 2-year residential life recovery program for mothers experiencing homelessness and their kids. Also provides free, long-term Life Recovery Programs for single men, single women, and mothers with children to address the root causes of chronic poverty, addiction, and housing instability. Operated by Hope Ministries.","https://www.hopeiowa.org/"
"Hope+Elim","Physical Location","Food Pantries","2500 University Ave.","Des Moines","IA","50311","515.282.4481","Serves a free weekly hot community meal every Wednesday evening from 5 PM-6:30 PM.","https://www.lutheranchurchofhope.org/hope-elim/"
"Hospice Care at UnityPoint at Home","Physical Location","Mental Health","11333 Aurora Avenue","Urbandale","IA","50322","515.557.3126","Delivers comprehensive hospice care for individuals of all age brackets and medical diagnoses facing the final stages of life, specializing in routine home care, respite support, or inpatient placement. Features the 12-bed Taylor Hospice House facility with an RN on duty 24/7.","https://www.unitypoint.org/find-a-service/hospice-care"
"House of Mercy Des Moines","Physical Location","Substance Abuse","1409 Clark Street","Des Moines","IA","50314","515.643.6500","Offers integrated substance-related/addictive disorders treatment and mental health programs. Also provides supportive transitional housing for sober living to improve long-term functioning in a clean, affordable environment. Intake Hours: Monday-Friday 9 AM-2 PM (Office open until 6 PM).","https://www.mercyone.org/desmoines/house-of-mercy/"
"IHYC Youth Opportunity Center","Physical Location","Shelters","612 Locust Street","Des Moines","IA","50309","515.883.2379","Iowa Homeless Youth Centers facility providing crisis counseling, service referrals, staff support, showers, laundry facilities, a phone charging station, and donation closet access for unhoused youth. Offers nine low-barrier, single-bed residential units for youth ages 18-24. Center Hours: Mon-Fri 10 AM-6 PM. Weekday Meals: Free hot lunch (12 PM-1 PM) and dinner (5 PM-6 PM) served to at-risk and homeless youth ages 16-22.","https://www.yss.org/locations/ihyc/"
"IMPACT Community Action Partnership","Physical Location","General Assistance","3226 University Avenue","Des Moines","IA","50311","515.518.4770","Helps lower-income families stabilize basic needs through utility bill payments, seasonal heating assistance (November-April), emergency food assistance, personal hygiene supplies, and disaster recovery support. Hours: Mon/Tue/Thu/Fri 8 AM-4:30 PM, Wed 9:30 AM-4:30 PM.","https://www.impactcap.org/"
"IMPACT Community Action Partnership (Ankeny DMARC)","Physical Location","Food Pantries","641 S. Ankeny Blvd","Ankeny","IA","50023","515.518.4770","Ankeny community action site providing individuals and families up to three days' worth of free emergency food in partnership with DMARC. Hours: Mon/Tue/Thu/Fri 8 AM-4:30 PM, Wed 9:30 AM-4:30 PM.","http://dmarcunited.org/food"
"International Rescue Committee","Physical Location","Immigrants & Refugees","1111 9th St. #226","Des Moines","IA","50314","515.216.3619","Delivers holistic case management, immediate housing placement assistance, employment service connections, and health/wellness navigations to newly resettling refugee individuals and families.","https://rescue.org/united-states/des-moines-ia"
"Iowa Domestic Violence Hotline","Virtual / Regional (No Address)","Hotlines","","","","","1.800.770.1650","Certified domestic violence advocates available 24/7 to deliver immediate crisis support, safety planning, and resource routing for victims across the state.",""
"Iowa Aftercare Services Network","Virtual / Regional (No Address)","General Assistance","","","","","800.447.1985","Helps young adults ages 17-23 navigate the transition to independent adulthood after aging out of foster care or court-ordered placements. Provides life skills training, financial aid, educational planning, and connections to dedicated supportive adults. Reach out via phone or email (info@aftercare).","https://iowaaftercare.org/"
"Iowa Attorney General's Office","Physical Location","Legal Assistance","1305 E. Walnut Street","Des Moines","IA","50319","1.888.777.4590, 515.281.5926","The Consumer Protection Division protects the public from financial fraud, systemic deception, and unfair business practices. Hours: Monday-Friday 8 AM-4:30 PM.","http://www.iowaattorneygeneral.gov/"
"Iowa Bureau of Refugee Services","Physical Location","Immigrants & Refugees","321 E 12th St.","Des Moines","IA","50319","515.344.3675","Assists regional refugees and asylees in establishing long-term economic independence. Helps navigate state benefits, coordinates a specialized CDL commercial driving training track through DMACC, and runs tailored language workshops for English language learners. Hours: Monday-Friday 8 AM-4:30 PM.","https://hhs.iowa.gov/programs/programs-and-services/refugee-services"
"Iowa Center for Economic Success","Physical Location","Job Assistance","2222 Grand Ave.","Des Moines","IA","50312","","Hosts free VITA program tax preparation services alongside broader regional small business training and asset-building initiatives. View website for updated seasonal site listings and direct appointment scheduling.","https://theiowacenter.org/taxservices/"
"Iowa Coalition Against Domestic Violence","Virtual / Regional (No Address)","Legal Assistance","","","","","515.244.8028","Provides holistic legal representation, system advocacy, and civil rights resources to survivors of domestic violence across Iowa. Administrative hours: Monday-Friday 8 AM-4:30 PM.","http://www.icadv.org/"
"Iowa Compass","Virtual / Regional (No Address)","Disabilities","100 Hawkins Drive, #221","Iowa City","IA","52242","1.800.779.2001","Maintains a searchable statewide information and referral clearinghouse containing thousands of localized programs for older adults, individuals with complex medical conditions, and people with disabilities. Map layer designated as regional due to its primary role as an online resource database and its physical location outside the immediate Des Moines metro. Hours: Monday-Friday 8 AM-4:30 PM.","https://iowacompass.org/"
"Iowa Concern Hotline","Virtual / Regional (No Address)","Hotlines","","","","","1.800.447.1985","Provides 24/7 access to stress counselors, legal education, and wide-ranging information/referral services for Iowans.","https://www.extension.iastate.edu/iowaconcern/"
"Iowa Department of Revenue","Virtual / Regional (No Address)","General Assistance","","","","","515.281.3114","Assists with state income tax questions and form access.","https://revenue.iowa.gov/"
"Iowa Family Support Network","Physical Location","Disabilities","3000 Easton Boulevard","Des Moines","IA","50317","888.425.4371","Offers services for families with children with disabilities, including the 'Children At Home' program which provides financial support for assistive items not covered by other programs.","https://www.iafamilysupportnetwork.org/"
"Iowa Free Legal Answers","Virtual / Regional (No Address)","Legal Assistance","","","","","","Virtual walk-in legal clinic connecting qualified individuals with Iowa attorneys for free, limited, non-criminal legal assistance.","https://iowa.freelegalanswers.org/"
"Iowa Harm Reduction Coalition","Physical Location","Substance Abuse","1221 Center St. Suite 03","Des Moines","IA","50309","515.207.5202","Offers risk reduction kits, naloxone kits, syringe clean-up/disposal, rapid HIV/HCV testing, fentanyl test strips, and linkages to substance use treatment.","https://www.iowaharmreductioncoalition.org/"
"Iowa Legal Aid","Physical Location","Legal Assistance","666 Walnut St Floor 25","Des Moines","IA","50309","1.800.532.1275, 1.800.532.1503","Provides free civil legal assistance for income-eligible clients. Includes a dedicated Legal Hotline for Older Iowans (1.800.992.8161) and specialized assistance for immigrants regarding rights, housing, and food/health matters.","https://www.iowalegalaid.org/"
"Iowa Migrant Movement for Justice","Physical Location","Immigrants & Refugees","","Des Moines","IA","","515.255.9809","Provides low-income immigrants and refugees a safe space to seek free legal assistance for naturalization and immigration-related issues. Hours: Mon-Thu 9 AM-4:30 PM.","https://www.iowammj.org/"
"Iowa Narcotics Anonymous","Physical Location","Substance Abuse","4424 Fleur Dr. #107","Des Moines","IA","50321","800.897.6242","Nonprofit fellowship for individuals for whom drugs have become a major problem.","https://iowa-na.org/"
"Iowa Office of Civil Rights","Physical Location","Legal Assistance","6200 Park Avenue, Suite 100","Des Moines","IA","50321","515.281.4121","Conducts impartial, fact-driven investigative analyses of discrimination complaints filed within Iowa.","https://icrc.iowa.gov/"
"Iowa Ombudsman","Physical Location","General Assistance","1112 E Grand Ave","Des Moines","IA","50319","515.281.3592","Independent, impartial agency serving as a resource for citizens to air grievances about state government. Hours: Monday-Friday 8 AM-4:30 PM.","https://www.legis.iowa.gov/Ombudsman/"
"Iowa Safe At Home","Virtual / Regional (No Address)","General Assistance","","","","","515.725.7233","State-sponsored program supplying a confidential address for survivors of domestic violence, sexual abuse, stalking, and trafficking.","https://safeathome.iowa.gov/"
"Iowa Sexual Abuse Hotline","Virtual / Regional (No Address)","Hotlines","","","","","1.800.362.2178","24/7 information and referral service for survivors of sexual assault.","https://pcaiowa.org/prevention/sexual-abuse/"
"Iowa SIDS Foundation","Physical Location","General Assistance","2963 100th Street Ste. 2","Urbandale","IA","50322","515.965.7655","Statewide non-profit health organization providing emotional support to SIDS and SUID families.","https://iowasids.org/"
"Iowa Spanish Helpline","Virtual / Regional (No Address)","Hotlines","","","","","515.344.3936","Confidential help and information for the Spanish-speaking community in Iowa. Operated by the Office of Latino Affairs.","https://hhs.iowa.gov/contacts/iowa-spanish-helpline"
"Iowa Victim Services Call Center","Virtual / Regional (No Address)","Hotlines","","","","","1.800.770.1650","Supports victims of domestic/sexual violence, elder abuse, trafficking, and homicide. Connects callers with local resources like shelters and lawyers.","https://www.survivorshelpline.org/"
"IowaWORKS Center","Physical Location","Job Assistance","200 Army Post Road #44","Des Moines","IA","50315","515.281.9619","State agency providing employment services for job seekers. Hours: Mon-Fri 8 AM-4:30 PM (Wed 9 AM-4:30 PM).","https://workforce.iowa.gov/locations/iowaworks-des-moines"
"Johnston Partnership Food Pantry","Physical Location","Food Pantries","5870 Merle Hay Road, Suite C","Johnston","IA","50131","515.528.2379","Provides up to three days worth of food for free. Hours: Tue/Thu/Sat 9 AM-1 PM, Tue 4 PM-6 PM. Arrive 15 minutes before closing for assistance.","https://www.johnstonpartnership.org/food-pantry"
"Joppa","Physical Location","Shelters","2326 Euclid Ave","Des Moines","IA","50310","515.288.5699","Provides assistance and supplies to homeless individuals and families. Hours: Tue-Fri 9 AM-4 PM.","http://www.joppa.org/"
"Junior Achievement of Central Iowa","Physical Location","Education","6100 Grand Avenue","Des Moines","IA","50312","515.279.9602","K-12 classroom outreach programs fostering work-readiness, entrepreneurship, and financial literacy.","https://www.juniorachievement.org/web/ja-centraliowa"
"Kingdom Living","Physical Location","Substance Abuse","3120 SW 9th St.","Des Moines","IA","50315","","Faith-based, structured sober living. Apply via email (admissions@kingdomlivingia.com).","https://www.kingdomlivingia.com/all-about-us"
"L.U.N.A. (Latinas Unidas Por Un Nuevo Amanecer)","Physical Location","Immigrants & Refugees","100 East Euclid, Suite 153","Des Moines","IA","50313","515.271.5060","Provides culturally-specific services to Latina victims of domestic violence and sexual assault.","https://www.lunaiowa.org/"
"Learning Disabilities Association of Iowa","Physical Location","Disabilities","5665 Greendale Road, Suite D","Johnston","IA","50131","515.209.2290","Support and resources for individuals with learning disabilities, parents, and educators.","https://ldaiowa.org/"
"LADOS (Life After Death of Spouse)","Physical Location","Grief","3700 Cottage Grove","Des Moines","IA","50311","515.277.6969","Group for widowed persons meeting the second Sunday of each month at 7 PM to support each other through grief.","https://www.dmarcunited.org/services/lados/"
"Link Associates","Physical Location","Disabilities","1452 29th Street","West Des Moines","IA","50266","515.262.8888","Non-profit organization providing services for individuals with intellectual disabilities and their families.","https://www.linkassociates.org/"
"LULAC (League of United Latin American Citizens)","Physical Location","Immigrants & Refugees","5714 SE 24th Ct.","Des Moines","IA","50320","515.208.7312","Sponsors Hispanic cultural/political events, provides college scholarships, and assists with income tax preparation and immigration/naturalization paperwork for families of undocumented immigrants.","https://www.latinovoteiowa.org/"
"Lutheran Services of Iowa (Refugee Center)","Physical Location","Immigrants & Refugees","3116 University Avenue","Des Moines","IA","50311","515.271.7411, 515.274.4946, 515.271.7335","Collaborates with former refugees on citizenship education, US Citizenship exam prep, English/civics test prep, and interview coaching. Offers specialized programs for Elder Refugees and Refugee Child Care.","https://lsiowa.org/"
"Lutheran Services of Iowa (Mental Health)","Physical Location","Mental Health","3125 Cottage Grove Ave.","Des Moines","IA","50311","515.271.7411","Provides a range of therapy services, including cognitive behavioral therapy, and group/individual family counseling.","https://lsiowa.org/"
"Meals on Wheels (WesleyLife)","Virtual / Regional (No Address)","Food Pantries","","","","","515.298.5661","Delivers meals to individuals with low-mobility. Serves all ages, with limited funding available for adults 60+ and adults with disabilities.","https://www.wesleylife.org/meals-on-wheels"
"Mercy Behavioral Health Adult Services","Physical Location","Mental Health","1450 NW 114th Street","Clive","IA","50325","844.680.0504","Multidisciplinary behavioral health team coordinating treatment with medical care. Emergency Care available 24/7 at 1111 6th Ave, Des Moines.","https://www.mercyone.org/desmoines/services/behavioral-health-care"
"Mercy Hospice Bereavement Services","Physical Location","Grief","500 SW 7th Street Ste. 104","Des Moines","IA","50309","515.643.8400","Offers individual counseling, support groups, informational resources, and remembrance events for those grieving.","https://www.mercyonehomecarehospice.org/bereavement-support"
"Mercy Ministry Food Pantry","Physical Location","Food Pantries","1451 E 25th Street","Des Moines","IA","50317","515.265.6000","Food pantry open Tuesday and Thursday mornings by appointment only. Call to schedule.","https://www.dsmeastside.org/?subpages/food%20pantry.shtml"
"Mind & Spirit Counseling Center","Physical Location","Mental Health","8553 Urbandale Avenue","Urbandale","IA","50322","515.274.4006","Provides counseling for grief, anxiety, depression, stress, relationships, and spiritual matters. Offers innovative services for children and adolescents.","https://mindspiritcenter.org/"
"MindSpring Mental Health Alliance","Physical Location","Mental Health","511 East 6th Street, Suite B","Des Moines","IA","50309","515.850.1467","Grassroots education, support, and advocacy organization focused on improving the lives of individuals impacted by mental health challenges.","https://mindspringhealth.org/"
"Mom's Meals","Virtual / Regional (No Address)","General Assistance","","","","","1.877.508.6667","Delivers meals to individuals managing chronic diseases, recuperating at home, or caring for loved ones. Hours: Mon-Fri 7 AM-6 PM.","https://www.momsmeals.com/"
"Momentum Art Access","Physical Location","Disabilities","900 Keosauqua Way, Studio #109+103","Des Moines","IA","50309","515.669.4821","Provides free art-making opportunities and education for individuals with disabilities. Sign up for appointments online.","https://teamcsa.org/our-services/momentum/studio/"
"Monsoon","Physical Location","Immigrants & Refugees","4952 Franklin Ave.","Des Moines","IA","50310","515.288.0881","Serves victims/survivors of domestic violence, sexual assault, and human trafficking in Asian and Pacific Islander communities. Provides free/confidential counseling, legal assistance, housing, and social services.","https://monsooniowa.org/"
"Mosaic","Physical Location","Disabilities","11141 Aurora Ave. Bldg 3","Urbandale","IA","50322","515.246.1840","Supports individuals with intellectual disabilities through housing, community support, healthcare coordination, job coaching, and immigration mental health evaluation.","https://www.mosaicinfo.org/locations/iowa/central-ia/"
"Mothers Against Drunk Driving (MADD) Iowa","Virtual / Regional (No Address)","Hotlines","","","","","877.623.3435","Provides 24/7 emotional support and referrals to local community resources for those impacted by drunk driving.","https://www.madd.org/iowa/"
"NAMI Helpline","Virtual / Regional (No Address)","Hotlines","","","","","800.950.6264","Free, confidential nationwide service providing one-on-one emotional support, mental health information, and resources.","https://www.nami.org/nami-helpline/"
"National Elder Fraud Hotline","Virtual / Regional (No Address)","Hotlines","","","","","833.372.8311","Staffed by professionals to assist victims of elder fraud with reporting crimes and connecting to resources. Available M-F, 9 AM-5 PM CT.","https://ovc.ojp.gov/program/stop-elder-fraud/providing-help-restoring-hope"
"National Human Trafficking Hotline","Virtual / Regional (No Address)","Hotlines","","","","","1.888.373.7888","24/7 hotline for victims, survivors, and anyone seeking information/assistance regarding human trafficking.","https://humantraffickinghotline.org/"
"National Runaway Safeline","Virtual / Regional (No Address)","Hotlines","","","","","1.800.786.2929","24/7 national communication system for runaway and homeless youth.","https://www.1800runaway.org/"
"New Beginnings Community Food Closet","Physical Location","Food Pantries","8631 Hickman Road","Urbandale","IA","50322","515.255.2181","Community food closet accessible 24/7 off Patricia Drive. No forms or questions asked.","https://www.newbeginnings-cc.org/community-food-closet/"
"Nisaa African Family Services","Physical Location","Immigrants & Refugees","4944 Franklin Ave. Suite P","Des Moines","IA","50310","515.255.5430","Provides gender-based violence services for African populations, including legal/immigration referrals, counseling, housing, employment assistance, and medical advocacy.","https://nisaa-afs.org/"
"North Des Moines Community Fridge","Physical Location","General Assistance","5720 Urbandale Ave.","Des Moines","IA","50310","515.255.2101","Community fridge accessible 24/7 in the shed next to the church.","https://www.standrewsdsm.org/north-des-moines-community-fridge"
"North Side Library","Physical Location","Branch Locations","3516 Fifth Avenue","Des Moines","IA","50313","(515) 283-4152","Library services available: Mon-Thu 10 AM-8 PM, Fri 10 AM-6 PM, Sat 10 AM-5 PM. Closed Sunday.","/locations-hours/north-side"
"Northside Community Center","Physical Location","Community Centers","3010 6th Avenue","Des Moines","IA","50313","515.288.1524","Offers crafts, games, exercise, and health clinics for seniors and adults. Meals served 11 AM-12:30 PM on selected days.","https://www.polkcountyiowa.gov/community-family-youth-services/senior-services/..."
"Northwest Community Center","Physical Location","Community Centers","5110 Franklin Avenue","Des Moines","IA","50310","515.279.2767","Offers crafts, games, exercise, and health clinics for seniors and adults. Meals served 11 AM-12:30 PM on selected days.","https://www.polkcountyiowa.gov/community-family-youth-services/senior-services/..."
"Norwoodville Community Center","Physical Location","Community Centers","3077 Ν.Ε. 46th Avenue","Des Moines","IA","50317","515.266.5794","Activities including crafts, games, exercise, health clinics, and congregate meals (11 AM-12:30 PM). Hours: Mon-Fri 8 AM-4:30 PM.","https://www.polkcountyiowa.gov/community-family-youth-services/senior-services/..."
"Oakridge Neighborhood Inc.","Physical Location","General Assistance","1401 Center St.","Des Moines","IA","50314","515.244.7702","Offers youth programs (learning/school success), and family/workforce development (job readiness, ELL, citizenship, computer skills, parenting). Serves low-income and refugee families.","https://oakridgeneighborhood.org/youth-and-education/"
"Optimae Behavioral Health Services","Physical Location","Mental Health","600 East Court Avenue, Suite 200","Des Moines","IA","50309","515.243.3525","Provides therapy, psychiatric medication evaluation, and skill-building supports in-person and via telehealth. Discounts based on family size/income.","https://optimaelifeservices.com/our-services/behavioral-health/"
"Orchard Place / PACE Center","Physical Location","Mental Health","620 8th St.","Des Moines","IA","50309","515.697.5700 (Substance Abuse), 515.285.6781 (Mental Health)","Services for children age 18 and under for mental health and substance abuse issues. Also offers childcare resources and referrals.","https://orchardplace.org/"
"PEER Advocate Program","Virtual / Regional (No Address)","General Assistance","","","","","515.286.2112","Support for Polk County residents age 60+ to access housing, health care, insurance, nutrition, cleaning, yard work, transportation, and legal aid.","https://www.polkcountyiowa.gov/community-family-youth-services/community-and-fa"
"People's Law Library of Iowa","Virtual / Regional (No Address)","Legal Assistance","","","","","","Easy-to-understand website providing basic, introductory information about the law. Not legal advice or a replacement for a lawyer.","https://www.peopleslawiowa.org/"
"Pioneer Columbus Community Center","Physical Location","Community Centers","2100 SE 5th Street","Des Moines","IA","50315","515-248-6316","Activities including weight room, cardio area, computer lab, and Polk County congregate meals. Hours: 8 AM-7:45 PM.","https://www.dsm.city/Pioneer Columbus Community Recreation Center334.php"
"Polk County Adult Services","Physical Location","Disabilities","2309 Euclid Avenue","Des Moines","IA","50310","515.286.3484","Assists low-income disabled citizens (18+) with transportation, meals on wheels, and protective payee financial counseling.","https://www.polkcountyiowa.gov/community-family-youth-services/senior-services/..."
"Polk County Bar Association (Volunteer Lawyers Project)","Physical Location","Legal Assistance","625 E Court Avenue, Suite 100","Des Moines","IA","50309","515.243.3904","Charitable organization providing civil legal services to low-income residents of Polk County.","https://www.pcbaonline.org/"
"Polk County Crisis and Advocacy Services","Physical Location","Mental Health","2309 Euclid Avenue","Des Moines","IA","50310","515.286.3600","Crisis intervention and counseling for victims of assault/abuse. Offers support groups for suicide loss survivors and homicide survivors.","https://www.polkcountyiowa.gov/community-family-youth-services/community-and-fa..."
"Polk County Department of Human Services","Physical Location","General Assistance","321 E 12th St.","Des Moines","IA","50319","800.972.2017","Assists with food, childcare, and state supplementary programs.","https://dhs.iowa.gov/"
"Polk County Emergency Repair Program","Physical Location","General Assistance","5885 NE 14 Street","Des Moines","IA","50313","515.286.3356","Lifetime maximum repair benefit of up to $8,000 for eligible families in homes assessed for less than $95,000.","https://www.polkcountyiowa.gov/public-works/housing-services-division/emergency..."
"Polk County General Assistance","Physical Location","General Assistance","2309 Euclid Avenue","Des Moines","IA","50310","515.286.2088","Provides temporary financial assistance for basic services such as rent and utility assistance.","https://www.polkcountyiowa.gov/community-family-youth-services/community-and-fa/"
"Polk County Health Dept","Physical Location","General Assistance","1907 Carpenter Street","Des Moines","IA","50314","515.286.3798","Offers immunizations, TB tests, primary care services, women's health services, and STD testing. Hours: Mon-Fri 8 AM-4:30 PM.","https://www.polkcountyiowa.gov/health-department/"
"Polk County Life Services Center (Broadlawns Crisis Observation Center)","Physical Location","Mental Health","1914 Carpenter Ave","Des Moines","IA","50314","515.282.5742","24/7 walk-in mental health clinic and sobering center providing a safe environment to meet with a nurse/therapist and set up ongoing mental health appointments.","https://www.broadlawns.org/clinics-and-services/mental-health/broadlawns-at-polk-county-crisis-observation-center"
"Polk County Northside Food Pantry (DMARC)","Physical Location","Food Pantries","","Des Moines","IA","","","Provides food assistance in partnership with DMARC.",""
"Primary Health Care (Homeless Support Services)","Physical Location","Shelters","1200 University Avenue, Suite 110A","Des Moines","IA","50314","515.248.1850","Centralized Intake for homeless services in Polk County. Connects individuals/families to housing resources, benefits, and care. Walk-in only: Mon-Fri 8:00 AM-3:30 PM."
"Primary Health Care (B. Engebretsen Clinic)","Physical Location","General Assistance","2353 SE 14th Street","Des Moines","IA","50320","515.248.1400 (Med), 515.248.1470 (Dent)","Comprehensive medical, dental, and pharmacy services. Medical Hours: Tue/Thu/Fri 8 AM-5 PM, Mon/Wed 8 AM-8 PM. Dental: Mon-Fri 7:30 AM-5:30 PM."
"Primary Health Care (East Side Campus)","Physical Location","General Assistance","3509 E 29th Street","Des Moines","IA","50310","515.248.1600","Comprehensive medical, internal medicine, and specialty health services. Hours: Mon-Thu 8 AM-8 PM, Fri 8 AM-5 PM, Sat 9 AM-1 PM."
"Primary Health Care (Mercy)","Physical Location","General Assistance","","Des Moines","IA","","","Provides comprehensive family medicine, annual physicals, and specialized care."
"Project Iowa","Physical Location","Job Assistance","4801 Franklin Ave Room 106","Des Moines","IA","50309","515.280.1274","Provides free career training and employment placement services for individuals facing barriers to employment.","https://www.projectiowa.org/"
"Proteus","Physical Location","Job Assistance","1221 Center Street, Suite 16","Des Moines","IA","50309","1.800.372.6031","Provides the National Farmworkers' Job Program (NFJP), including education, job training, healthcare, legal assistance, and counseling.","http://www.proteusinc.net/"
"Recovery in Action","Physical Location","Substance Abuse","PO Box 13342","Des Moines","IA","50310","515.771.7497","Provides sober, safe housing and accountability for men recovering from substance abuse.","https://www.riadm.com/"
"Relay Iowa","Virtual / Regional (No Address)","Disabilities","","","","","711","Provides free telecommunications relay services (TTY, Voice Carry Over, etc.) for those with hearing or speech difficulties.","https://hamiltonrelay.com/iowa/"
"Rent Reimbursement (Iowa Dept of Revenue)","Physical Location","General Assistance","321 E 12th St.","Des Moines","IA","50319","515.420.6077","State program providing rent reimbursement for qualifying individuals.","https://hhs.iowa.gov/programs/programs-and-services/rent-reimbursement"
"Restart Recovery Homes","Virtual / Regional (No Address)","Substance Abuse","","","","","515.577.2824","Sober living homes and programs for both men and women.","https://www.restartrecoveryhomes.com/"
"RISE Recovery Center","Physical Location","Substance Abuse","3120 SW 9th Street","Des Moines","IA","50315","515.499.2105","Community recovery support center offering social events, resources, and event spaces for wellness-focused programming.","https://www.riseiowa.org/"
"Ruth Harbor","Physical Location","General Assistance","2500 University Ave.","Des Moines","IA","50311","515.279.4661","Christ-centered home offering programs for young moms facing unplanned pregnancies or parenting young children.","http://www.ruthharbor.org"
"S.A.F.E. Center of Iowa","Virtual / Regional (No Address)","Sexual Assault","","","","","","Provides clinical services and advocacy for sexual assault survivors; set to open October 2026.","https://safecenteriowa.com/"
"Safe Helpline","Virtual / Regional (No Address)","Hotlines","","","","","877.995.5247","Anonymous, confidential support for sexual assault survivors in the DoD community and beyond.","https://safehelpline.org/"
"Sagent Behavioral Health","Physical Location","Mental Health","600 42nd Street","Des Moines","IA","50313","866.671.1115","Provides therapy and counseling services for Des Moines and surrounding areas.","https://sagentbh.com/"
"Salvation Army (Des Moines)","Physical Location","General Assistance","1326 6th Avenue","Des Moines","IA","50314","515.282.3227","Provides a food pantry, mobile breakfast service for those experiencing homelessness, and financial assistance for rent/utilities by appointment.","https://centralusa.salvationarmy.org/desmoinestemple/cure-hunger/"
"Salvation Army Adult Rehabilitation Center - E 25th","Physical Location","Substance Abuse","1216 E 25th Court","Des Moines","IA","50317","515.266.3156","Free programs providing housing, food, counseling, community, and employment to treat alcohol and drug dependence. Hours: Mon-Fri 8:30 AM-4:30 PM.","https://centralusa.salvationarmy.org/desmoinescitadel/overcome-poverty/"
"Salvation Army Adult Rehabilitation Center - E 2nd","Physical Location","Substance Abuse","133 E 2nd Street","Des Moines","IA","50309","515.243.4277","Free programs providing housing, food, counseling, community, and employment to treat alcohol and drug dependence.","https://centralusa.salvationarmy.org/"
"Section 8 Housing Choice Voucher Program","Physical Location","General Assistance","1200 Locust St.","Des Moines","IA","50309","515.323.8950","Rental assistance for low-income families, elderly, or disabled individuals renting from private landlords. Part of Des Moines Municipal Housing Agency.","https://www.dsm.city/departments/housing/section_8.php"
"South Senior Center","Physical Location","Community Centers","100 Payton Avenue","Des Moines","IA","50315","515.287.0092","Offers crafts, games, exercise, health clinics, and congregate meals (11 AM-12:30 PM). Hours: Mon-Fri 8 AM-4:30 PM.","https://www.polkcountyiowa.gov/community-family-youth-services/senior-services/..."
"South Side Library","Physical Location","Branch Locations","1111 Porter Avenue","Des Moines","IA","50315","(515) 283-4152","Library services available Mon-Thu 10 AM-8 PM, Fri 10 AM-6 PM, Sat 10 AM-5 PM. Community fridge accessible during library hours.","/locations-hours/south-side"
"St. Vincent de Paul - 6th Avenue","Physical Location","General Assistance","1426 6th Avenue","Des Moines","IA","50314","515.282.8327","Offers clothes closet (M-F 9 AM-5 PM) and food pantry. Limited utility/rent assistance (under $700) available based on need/funding; call to inquire.","http://svdpdsm.org"
"St. Vincent de Paul - Army Post Road","Physical Location","General Assistance","500 Army Post Road","Des Moines","IA","50315","515.282.8328","Offers clothes closet (M-F 9 AM-5 PM), food pantry, and wrap-around services for individuals returning to society to regain employment and education.","http://svdpdsm.org"
"St. Joseph Emergency Family Center","Physical Location","Shelters","","Des Moines","IA","","515.282.1235","Provides emergency shelter for homeless families for up to 30 days, including meals and laundry. Contact Primary Healthcare Outreach (515.248.1850) for intake.","https://www.catholiccharitiesdm.org/our-services/emergency-family-shelter/"
"St. Luke's Free Clinic","Physical Location","General Assistance","1421 West Broadway","Polk City","IA","50226","515.984.6274","Clinic open the first and third Wednesday of each month from 6 PM-8 PM. No appointments necessary.","https://polkcityumc.org/mission/st-lukes-free-clinic"
"St. Mark Neighborhood Fridge","Physical Location","General Assistance","1105 Grand Ave","West Des Moines","IA","50265","","Community fridge open 24/7 and is handicap accessible.","https://www.stmarkwdm.org/ministries/st-mark-neighborhood-fridge"
"St. Theresa Food Pantry","Physical Location","Food Pantries","1230 Merle Hay Road","Des Moines","IA","50311","515.279.4654","Emergency food pantry located in the church office. Hours: Mon-Wed 10 AM-1:45 PM.","https://sainttheresaiowa.org/st-theresa-food-pantry/"
"Substance Abuse Resources for Underrepresented Groups","Virtual / Regional (No Address)","Substance Abuse","","","","","","Webpage listing resources for marginalized groups (BIPOC, LGBTQIA2S+, unhoused, veterans, etc.) to support substance use disorder treatment and sobriety.","https://substanceabusecounselor.org/resources-for-marginalized-groups/"
"Suicide Prevention Lifeline","Virtual / Regional (No Address)","Hotlines","","","","","988","Free, 24/7 confidential support for people in distress. Supports crisis prevention and provides resources for individuals and professionals. Available in Spanish.","https://suicidepreventionlifeline.org/"
"Taxpayer Assistance Center","Physical Location","General Assistance","210 Walnut St.","Des Moines","IA","50309","844.545.5640","Assistance with federal tax filings and form pickup.","https://www.irs.gov/"
"Tech Journey","Physical Location","Education","4801 Franklin Ave Room 1170","Des Moines","IA","50310","515.207.5065","Provides monthly gatherings and summer camps for students (ages 8-18) to learn coding, app development, robotics, and creative technology in a social environment.","https://www.techjourney.org/"
"The Beacon","Physical Location","Substance Abuse","1717 Woodland Avenue","Des Moines","IA","50314","515.244.4713","Transitional housing for women featuring intensive case management, substance abuse assessment, in-house AA meetings, and a sober living environment.","https://www.mercyone.org/desmoines/house-of-mercy/"
"Thrive Together","Virtual / Regional (No Address)","Sexual Assault","","","","","319.531.7719","Provides advocacy and support for survivors of domestic violence and/or sexual assault who have hearing loss, including their family and friends.","https://www.thrivetogethertoday.org/"
"Tim's CLUBe","Physical Location","Substance Abuse","PO Box 65533","West Des Moines","IA","50265","515.478.0985","Bible-based recovery housing.","https://timsclube.com/"
"Touching Our Grief (TOG)","Virtual / Regional (No Address)","Grief","","","","","515.333.5810","Ongoing grief support sessions for adults surviving the death of a loved one. No charge.","https://everystep.org/grief-loss/beraverment"
"Trans Lifeline","Virtual / Regional (No Address)","Hotlines","","","","","1.877.565.8860","National trans-led organization providing a 24/7 hotline and collective community aid for trans people.","https://www.translifeline.org/"
"U.S. Committee for Refugees and Immigrants (USCRI)","Physical Location","Immigrants & Refugees","","Des Moines","IA","","","Provides services to help refugees and immigrants navigate transition and settlement.",""
"UCS--Ankeny","Physical Location","Substance Abuse","1555 SE Delaware Avenue Suite M","Ankeny","IA","50021","515.280.3860","Provides substance abuse treatment, counseling and support. Intake hours: M-F 11:30 AM-1:30 PM (Substance Use); M-F by appointment (Mental Health).","https://www.ucsonline.org/"
"UCS--Des Moines","Physical Location","Mental Health","1300 Woodland Ave.","West Des Moines","IA","50265","515.280.3860","Walk-in mental health assessments and substance abuse treatment. Medical hours: M-F 8:30 AM-5 PM. Substance abuse walk-in: M-F 8 AM-2 PM.","https://www.ucsonline.org/"
"United States Citizenship & Immigration Services","Physical Location","Immigrants & Refugees","210 Walnut Street #101","Des Moines","IA","50309","800.375.5283","Provides information and application processing for citizenship, green cards, work visas, and international adoption.","https://www.uscis.gov/"
"United Way of Central Iowa (211)","Virtual / Regional (No Address)","General Assistance","","","","","211","24/7 information and referral system linking residents to human services, disaster support, and government programs.","http://211iowa.org/"
"UnityPoint Counseling and Behavioral Medicine","Physical Location","Mental Health","6000 University Suite 200","West Des Moines","IA","50266","515.241.2300","Offers an extensive spectrum of mental health services for all age groups. Hours: M-F 8 AM-5 PM.","https://www.unitypoint.org/locations/unitypoint-clinic-counseling-and-psychiatr..."
"University of Iowa - Clinical Law Programs","Physical Location","Legal Assistance","Boyd Law Buildings 130 Byington Rd.","Iowa City","IA","52242","319.335.9034","Legal assistance for criminal defense, estate planning, immigration advocacy, and civil/employment litigation.","https://law.uiowa.edu/experiential-learning/clinical-law-program"
"University of Iowa Addiction and Recovery Collaborative","Physical Location","Substance Abuse","5 Boyd Tower 200 Hawkins Drive","Iowa City","IA","52242","319.335.6980","Outpatient addiction treatment and dual diagnosis services for co-occurring mental health and addiction issues.","https://uihc.org/services/addiction-medicine"
"Urban Dreams","Physical Location","Substance Abuse","1615 2nd Ave.","Des Moines","IA","50314","515.288.4742","Outpatient substance abuse treatment, OWI services, food pantry, nutrition program, and youth employment services.","https://urbandreams.org/"
"Urbandale Food Pantry (DMARC)","Physical Location","Food Pantries","7901 Douglas Ave","Urbandale","IA","50322","515.251.6688","Provides free food for up to three days. Hours: M-Th 9:30 AM-6:30 PM, Sat 8 AM-12 PM.","https://urbandalefoodpantry.org/"
"VA Central Iowa Health Care System","Physical Location","Mental Health","3600 30th Street","Des Moines","IA","50310","515.699.5999","Comprehensive medical/surgical, mental health, long-term care, and residential substance abuse treatment for Veterans.","https://www.centraliowa.va.gov/"
"VA Community Resource and Referral Center","Physical Location","General Assistance","1223 Center Street Suite 17","Des Moines","IA","50309","515.699.5637","Services for Veterans experiencing or at risk of homelessness and those with serious mental illness.","https://www.va.gov/homeless/crrc.asp"
"Veterans Crisis Line","Virtual / Regional (No Address)","Hotlines","","","","","988 (Press 1)","24/7 confidential crisis support for Veterans, their families, and friends via phone, chat, or text.","https://www.veteranscrisisline.net/"
"Watchmen Food Pantry","Physical Location","Food Pantries","2723 Euclid Ave","Des Moines","IA","50310","","Offers food boxes (Thu 10 AM-2 PM) and hot meals (Wed 5:30 PM-6:30 PM).","https://watchmen.ngo/watchmen-food-pantry/"
"Waypoint Resources","Physical Location","Food Pantries","1155 SE Boone Dr","Waukee","IA","50263","515.987.5523","Provides non-perishable food and personal items. Hours: Mon 12-6 PM, Tue-Thu 9 AM-3 PM, Sat 9-11 AM.","https://waukeechristianservices.org/"
"WesleyLife Grief Support","Physical Location","Grief","5508 NW 88th Street","Johnston","IA","50131","515.271.6789","Offers 'Growing in Grief' and widower's support programs.","https://www.wesleylife.org/blog/bereavement-services-set-hospice-care-apart"
"West Des Moines Human Services (DMARC)","Physical Location","Food Pantries","139 6th St","West Des Moines","IA","50265","515.222.3660","Provides individuals/families up to 3 days of food. Open Mon/Thu 8:30 AM-3 PM, Tue 8:30 AM-3 PM & 4:30 PM-6:30 PM, Wed/Fri 8:30 AM-12 PM.","https://www.wdm.iowa.gov/government/human-services/programs-services/food-perso..."
"Westside Community Center","Physical Location","Community Centers","134 6th St","West Des Moines","IA","50265","515.274.0373","Activities include crafts, games, exercise, and health clinics. Meals served 11 AM-12:30 PM.","https://www.polkcountyiowa.gov/community-family-youth-services/senior-services/..."
"WIC Program--Broadlawns","Physical Location","General Assistance","1801 Hickman Road","Des Moines","IA","50314","515.282.5800","Provides nutrition education, breastfeeding support, eWIC cards, immunization screening, and health/social services referrals.","https://hhs.iowa.gov/locations/broadlawns-medical-center-wic-site"
"YMCA Supportive Housing Campus","Physical Location","Shelters","2 SW 9th Street","Des Moines","IA","50309","515.288.2424","Housing First model providing stable, permanent housing with supportive services for homeless/at-risk individuals.","https://www.dmymca.org/locations/supportive-housing-campus"
"Young Women's Resource Center","Physical Location","Mental Health","818 5th Avenue","Des Moines","IA","50309","515.244.4901","Provides therapy (one-on-one, couples, family) for young women and moms, plus food pantry and clothing closet.","https://ywrc.org/"
"Your Life Iowa","Virtual / Regional (No Address)","Hotlines","","","","","1.855.581.8111","24/7 help for alcohol, drug, and gambling problems and suicidal thoughts. Provides chat, information, and treatment options.","https://yourlifeiowa.org/"
"Youth Law Center","Physical Location","Legal Assistance","300 Walnut Street #295","Des Moines","IA","50309","515.244.1172","Provides free juvenile court representation to Polk County youth and free legal advice to youth across Iowa.","https://youthlawcenter.org/"
"YSS","Physical Location","Shelters","612 Locust Street","Des Moines","IA","50309","515.232.4977","Shelter for homeless youth. Programs include transitional/rapid rehousing for families (16-25) and residential addiction treatment (12-18).","https://www.yss.org"